EMD-100008	In situ structure of the ETF-BCR complex from Geobacter metallireducens	Tamborrini D, Pascoa TC, Engel BD, Appel L, Kumar A, Kayastha K, Ermler U, Kettler T, Bohn S, Reif-Trauttmansdorff T, Schuller JM, Boll M	REL	2026-10-07
EMD-100009	In situ structure of the 70S ribosome from Geobacter metallireducens	Tamborrini D, Pascoa TC, Engel BD, Appel L, Kumar A, Kayastha K, Ermler U, Kettler T, Bohn S, Reif-Trauttmansdorff T, Schuller JM, Boll M	REL	2026-10-07
EMD-100043	Cryo-electron tomogram of Geobacter metallireducens, dataset Geo02, Position 11_2	Tamborrini D, Pascoa TC, Engel BD, Appel L, Kumar A, Kayastha K, Ermler U, Kettler T, Bohn S, Reif-Trauttmansdorff T, Schuller JM, Boll M	REL	2026-10-07
EMD-100061	Cryo-electron tomogram of Geobacter metallireducens, dataset Geo02, Position 1_2	Tamborrini D, Pascoa TC, Engel BD, Appel L, Kumar A, Kayastha K, Ermler U, Kettler T, Bohn S, Reif-Trauttmansdorff T, Schuller JM, Boll M	REL	2026-10-07
EMD-54442	MspA-M2 in a POPC nanodisc	Ashworth M, Bayfield OW, Noble OW, Plevin MJ, Antson AA	REL	2026-10-07
EMD-55129	Cryo-EM consensus map (unfocused) of essential Mycoplasma pneumoniae lipoprotein Mpn436 at 3.65 A	Manger S, Keles I	REL	2026-10-07
EMD-55131	Cryo-EM focused map of essential Mycoplasma pneumoniae lipoprotein Mpn444 tip region at 4.07 A	Manger S, Keles I	REL	2026-10-07
EMD-55148	Cryo-EM density map of essential Mycoplasma pneumoniae lipoprotein Mpn436 at 3.65 A	Manger S, Keles I	REL	2026-10-07
EMD-55222	CRYO-EM CONSENSUS MAP OF TRYPANOSOMA BRUCEI BLOODSTREAM FORM 80S RIBOSOME	Rajan KS, Yonath A	REL	2026-10-07
EMD-55223	CRYO-EM FOCUSED REFINEMENT MAP OF TRYPANOSOMA BRUCEI BLOODSTREAM FORM 80S RIBOSOME	Rajan KS, Yonath A	REL	2026-10-07
EMD-55224	CRYO-EM STRUCTURE OF TRYPANOSOMA BRUCEI BLOODSTREAM FORM 80S RIBOSOME	Rajan KS, Yonath A	REL	2026-10-07
EMD-55567	Structure of the Vesicular Stomatitis Virus L Protein in Complex with the Phosphoprotein and the Nucleoprotein	Bloyet LM, Whelan SPJ	REL	2026-10-07
EMD-55646	Cryo-EM structure of GPCR-miniGo Protein complex	Yardeni EH, Kiss DJ, Keseru GM, Shalev-Benami M	REL	2026-10-07
EMD-55647	Cryo-EM structure of GPCR-miniGo Protein complex	Yardeni EH, Kiss DJ, Keseru GM, Shalev-Benami M	REL	2026-10-07
EMD-55662	Cryo-EM structure of GPCR-miniGo Protein complex	Yardeni EH, Kiss DJ, Keseru GM, Shalev-Benami M	REL	2026-10-07
EMD-55896	Structure of B10 anti-stem antibody in complex with ZEBOV spike complex	Diskin R, Cohen-Dvashi H, Shuker H	REL	2026-10-07
EMD-56367	Cryo-electron tomogram acquired on a cryo-FIB lamella of two adjacent NIH 3T3 cells.	Gerard SF, Cheng DCW, Toro-Nahuelpan M, Mahamid J, Diz-Munoz A	REL	2026-10-07
EMD-56387	Mature MoMLV capsid hexamer 3-fold interface from capsid-like particles	Klarhof JO, Stacey JCV, Briggs JAG, James LC	REL	2026-10-07
EMD-56389	Mature MoMLV capsid pentamer structure from capsid-like particles	Klarhof JO, Stacey JCV, Briggs JAG, James LC	REL	2026-10-07
EMD-56392	Mature MPMV E26A capsid hexamer structure from capsid-like particles	Klarhof JO, Stacey JCV, Briggs JAG, James LC	REL	2026-10-07
EMD-56394	Mature MPMV capsid hexamer structure from capsid-like particles	Klarhof JO, Stacey JCV, Briggs JAG, James LC	REL	2026-10-07
EMD-56938	DIT3 nanofibril	Stoyanov N, Schmidt M, Faendrich M	REL	2026-10-07
EMD-57959	Cryo-EM structure of the E. coli DRT10 RT-ncRNA complex, Eco1 subtype	He Q, Ramirez J	REL	2026-10-07
EMD-57969	Cryo-EM structure of the E. coli DRT10 RT-ncRNA complex, Eco3 subtype.	He Q, Ramirez J	REL	2026-10-07
EMD-59307	T33-Fus-1B cage - Designed tetrahedral protein cage based on helical fusion and machine learning	San Segundo-Acosta P, LeCoq J, Boskovic J, Aglietti RA, Bowers P, Yeates TO, Castells-Graells R	REL	2026-10-07
EMD-59866	Phosphorylated STING bound to adaptor protein complex 1 (processed for improved pSTING density)	Xu P, Ablasser A	REL	2026-10-07
EMD-63871	cryo-EM structure of l-SPD binding to D2R	Zhang XY, Liu H, Zhuang YW, Xu HE	REL	2026-10-07
EMD-65074	Complex structure of BoNT-like PG1 at pH 6.0	Liu Z, Chen P	REL	2026-10-07
EMD-66325	CryoEM structure of a dNTPase from Vibrio cholerae in hexadecamericmform	Xu ZX, Zhang K	REL	2026-10-07
EMD-66394	5-fold region of mature T7 without defocus refinement	Liu HR, Chen WY	REL	2026-10-07
EMD-66395	core protein structure of mature T7 without defocus refinement	Liu HR, Chen WY	REL	2026-10-07
EMD-66397	2f-fold region of mature T7 with defocus refinement	Liu HR, Chen WY	REL	2026-10-07
EMD-66423	Cryo-EM structure of spike protein within graphene reservoir sandwich	Song JL, Liu N, Wang HW	REL	2026-10-07
EMD-66427	Melbournevirus fivefold block (CryoSPARC processed with PASR)	Burton-Smith RN	REL	2026-10-07
EMD-66428	Melbournevirus threefold block (CryoSPARC processed with PASR)	Burton-Smith RN	REL	2026-10-07
EMD-66429	Melbournevirus two-fold block (CryoSPARC processing with PASR)	Burton-Smith RN	REL	2026-10-07
EMD-66455	AF219-bound structure of P2X332	Wang C, Yu Y	REL	2026-10-07
EMD-66456	ATP-bound structure of P2X322	Wang C, Yu Y	REL	2026-10-07
EMD-66457	ATP-bound structure of P2X332	Wang C, Yu Y	REL	2026-10-07
EMD-66458	apo structure of P2X332	Wang C, Yu Y	REL	2026-10-07
EMD-66469	Tetrahymena Ribozyme scaffolded SicX sRNA in complex with C-di-GMP	Wang CC	REL	2026-10-07
EMD-66542	Structure of the old Killifish Ribosome (Composite map)	Kim J, Song JJ, Kim Y	REL	2026-10-07
EMD-66543	Structure of the old Killifish Proteasome	Kim J, Song JJ, Kim Y	REL	2026-10-07
EMD-66548	Structure of the young Killifish Ribosome (head focus-refined)	Kim J, Song JJ, Kim Y	REL	2026-10-07
EMD-66550	Structure of the young Killifish Ribosome (Composite map)	Kim J, Song JJ, Kim Y	REL	2026-10-07
EMD-66946	In situ C2S2M2L4-type PSII-LHCII supercomplex, core, protomer 1	Li J, Elias E, Zhang K, Croce R, Zhu J	REL	2026-10-07
EMD-66947	In situ C2S2M2L4-type PSII-LHCII supercomplex, core, protomer 2	Li J, Elias E, Zhang K, Croce R, Zhu J	REL	2026-10-07
EMD-66949	In situ C2S2M2L4-type PSII-LHCII supercomplex, strongly bound (S-) LHCII trimer with CP26, protomer 1	Li J, Elias E, Zhang K, Croce R, Zhu J	REL	2026-10-07
EMD-66950	In situ C2S2M2L4-type PSII-LHCII supercomplex, strongly bound (S-) LHCII trimer with CP26, protomer 2	Li J, Elias E, Zhang K, Croce R, Zhu J	REL	2026-10-07
EMD-66951	In situ C2S2M2L4-type PSII-LHCII supercomplex, moderately bound (M-) LHCII trimer with CP29 and CP24, protomer 1	Li J, Elias E, Zhang K, Croce R, Zhu J	REL	2026-10-07
EMD-66952	In situ C2S2M2L4-type PSII-LHCII supercomplex, moderately bound (M-) LHCII trimer with CP29 and CP24, protomer 2	Li J, Elias E, Zhang K, Croce R, Zhu J	REL	2026-10-07
EMD-67697	E coli CNF1 in complex with BCAM receptor	Zhou C, Zheng Y	REL	2026-10-07
EMD-67698	Laminin 511 in complex with BCAM	Zhou C, Zheng Y	REL	2026-10-07
EMD-71476	PolII/TFIIF of PIC-Med-SWI/SNF	Yang C, Nagai S, Chen D-H	REL	2026-10-07
EMD-71917	Menthol-bound mouse TRPM8-I846V in complex with PIP2 in an intermediate (C2M, 20C) state	Lee HJ, Lee SY	REL	2026-10-07
EMD-71918	The pre-open state (pre-OM, 20C), menthol-bound mouse TRPM8-I846V in complex with AITC and PIP2	Lee HJ, Lee SY	REL	2026-10-07
EMD-71919	AITC- and PIP2-bound mouse TRPM8 in a closed (C1A) state	Lee HJ, Lee SY	REL	2026-10-07
EMD-72557	The cold-intermediate state (C2M, 4C), menthol-bound mouse TRPM8-I846V in complex with AITC and PIP2	Lee HJ, Lee SY	REL	2026-10-07
EMD-72558	The cold-open state (OM, 4C), menthol-bound mouse TRPM8-I846V in complex with AITC and PIP2	Lee HJ, Lee SY	REL	2026-10-07
EMD-72926	Pseudomonas aeruginosa 50S ribosome (L1 stalk domain 'out' conformation and missing uL1 and tRNA)	Findlay JL, Kanik M, Gauvin CC, Franklin MJ, Lawrence CM	REL	2026-10-07
EMD-72962	Pseudomonas aeruginosa 50S ribosome (L1 stalk domain 'out' conformation)	Findlay JL, Kanik M, Gauvin CC, Franklin MJ, Lawrence CM	REL	2026-10-07
EMD-73008	PC94-A.31 Fab in complex with BG505 SOSIP trimer and RM20A3 Fab	Phulera S, Omorodion O, Ward AB, Ozorowski G	REL	2026-10-07
EMD-73010	PC94-A.27 Fab in complex with P94_v18_c046 Chimera DS-SOSIP trimer and RM20A3 Fab	Phulera S, Omorodion O, Ward AB, Ozorowski G	REL	2026-10-07
EMD-73562	Serotonin-bound structure	Lu M, Liu B	REL	2026-10-07
EMD-73662	Structure of Mosaic -5 IDD NPs	Dzuvor CK, Corbett-Helaire KS	REL	2026-10-07
EMD-73668	Structure of SS-L2-FerritinNP	Dzuvor CK, Corbett-Helaire KS	REL	2026-10-07
EMD-73671	Structure of SS-L2-LuSNP	Dzuvor CK, Corbett-Helaire KS	REL	2026-10-07
EMD-73675	Structure of SS-L2-I53-50NP	Dzuvor CK, Corbett-Helaire KS	REL	2026-10-07
EMD-73966	Cryo-EM structure of Leishmania tarentolae respiratory complex IV (cytochrome c oxidase dimer)	Liao YT, Chao L	REL	2026-10-07
EMD-73974	Cryo-EM structure of Leishmania tarentolae respiratory complex V (ATP synthase) membrane region	Liao YT, Chao L	REL	2026-10-07
EMD-74963	Menthol-and PIP2-bound mouse TRPM8 in a closed (C1M) state	Lee HJ, Lee SY	REL	2026-10-07
EMD-75570	Cryo-EM structure of TccCas13a-crRNA-target RNA ternary complex	Oladeji SJ, Gao Y	REL	2026-10-07
EMD-75702	Cryo-EM structure of the human ZNFX1 tetramer	Wang F, He Q, Li H	REL	2026-10-07
EMD-75718	Focused Cryo-EM map of a half-region of the human ZNFX1 tetramer	Wang F, He Q, Li H	REL	2026-10-07
EMD-75741	The consensus map of the human ZNFX1 tetramer	Wang F, He Q, Li H	REL	2026-10-07
EMD-75841	Cryo-electron tomogram of cyanobacteria Prochlorococcus MED4	Parvate AD, Evans JE	REL	2026-10-07
EMD-76020	Cryo-EM structure of DNA polymerase Zeta with RNA:DNA hybrid and incoming dNTP	Malik R, Aggarwal AK	REL	2026-10-07
EMD-76266	Cryo-EM structure of alpha-synuclein filaments (singlet) from Parkinson's disease with A53T mutation in SNCA	Zhang H, Yang Y	REL	2026-10-07
EMD-76267	Cryo-EM structure of alpha-synuclein filaments (doublet) from Parkinson's disease with A53T mutation in SNCA	Zhang H, Yang Y	REL	2026-10-07
EMD-76268	Cryo-EM structure of alpha-synuclein filaments (singlet) from M83(+/+) mouse brains with A53T mutation	Zhang H, Yang Y	REL	2026-10-07
EMD-76269	Cryo-EM structure of alpha-synuclein filaments (doublet) from M83(+/+) mouse brains with A53T mutation	Zhang H, Yang Y	REL	2026-10-07
EMD-76387	EcPriA bound to DNA replication fork with dsDNA lagging strand	Duckworth AT, Deorio HR, Grant T, Keck JL	REL	2026-10-07
EMD-76388	EcPriA bound to DNA replication fork with ssDNA lagging strand (CRR up)	Duckworth AT, Deorio HR, Grant T, Keck JL	REL	2026-10-07
EMD-76389	EcPriA bound to DNA replication fork with ssDNA lagging strand (CRR down)	Duckworth AT, Deorio HR, Grant T, Keck JL	REL	2026-10-07
EMD-76967	Focus map for tetramerization domain of cryo-EM structure of an intact human acetylcholinesterase (T-form) tetramer in complex with ColQ	Cheung J, Karasawa A	REL	2026-10-07
EMD-76970	Consensus map for cryo-EM structure of an intact human acetylcholinesterase (T-form) tetramer in complex with ColQ	Cheung J, Karasawa A	REL	2026-10-07
EMD-76974	Consensus map for cryo-EM structure of an intact human acetylcholinesterase (T-form) tetramer in complex with PRiMA	Cheung J, Karasawa A	REL	2026-10-07
EMD-77011	BRAF/CRAF/14-3-3 complex	Ha BH, Jeon H, Eck MJ	REL	2026-10-07
EMD-77233	Raw Consensus map of the Strand-Displacement Complex of Human Mitochondrial DNA Polymerase Gamma	Nayak AR, Sokolova VO, Temiakov D	REL	2026-10-07
EMD-77234	Focused map (Catalytic Subunit) of the Strand-Displacement Complex of Human Mitochondrial DNA Polymerase Gamma	Nayak AR, Sokolova VO, Temiakov D	REL	2026-10-07
EMD-78228	Calcium Bound Connexin-46/50 in Amphipol	Jarodsky JM, Reichow SL	REL	2026-10-07
EMD-78449	Leishmania tarentolae respiratory complex V (ATP synthase) F1/central-stalk	Liao YT, Chao L	REL	2026-10-07
EMD-78468	Leishmania tarentolae respiratory complex V (ATP synthase) dimer	Liao YT, Chao L	REL	2026-10-07
EMD-78907	Salmonella Flagellar Export Apparatus (FliPQR/FlhB/FlhA) in the context of the intact basal body with an asymmetric FlhA ring	Johnson S, Johnson MK, Lea SM	REL	2026-10-07
EMD-80335	Cryo-EM structure of the E. coli beta sliding clamp-Hda heterohexamer	Jiang X, Danev R, Kikkawa M, Kikkawa M	REL	2026-10-07
EMD-80851	Sunflower protein amyloid fibrils	Li S, Cao Q, Cao Y	REL	2026-10-07
EMD-82229	In situ structure of the C2S2M2L4-typePSII-LHCII superconplex from Oryza sativa (consensus)	Li J, Elias E, Zhang K, Croce R, Zhu J	REL	2026-10-07
EMD-82662	Cryo-EM structure of AtSLAH3 7D/L400A mutant	Gao S, Yao X, Wang YQ, Zhao BX	REL	2026-10-07
EMD-83611	Synaptotagmin-1_molecules_from_the_0_mM_Ca2_Cluster1	Purba ER, Ofverstedt LG, Skuglund U	REL	2026-10-07
EMD-83847	Cryo-EM structure of bacteriophage A1002 neck-collar	Chen Y, Liu HR	REL	2026-10-07
EMD-49677	Pseudomonas aeruginosa CdrA N*-terminal domain	Fazio NT, Reichhardt C, di Trani JM, Moss E, Barrington M, Davidson C, Jaysingh AM	REL	2026-10-07
EMD-49679	Pseudomonas aeruginosa CdrA N*-terminal domain plus ~6 repeats of the extension domain	Fazio NT, Reichhardt C, di Trani JM, Moss E, Barrington M, Davidson C, Jaysingh AM	REL	2026-10-07
EMD-55648	Cryo-EM structure of GPCR-miniGo Protein complex	Yardeni EH, Kiss DJ, Keseru GM, Shalev-Benami M	REL	2026-10-07
EMD-55663	Cryo-EM structure of GPCR-miniGo Protein complex	Yardeni EH, Kiss DJ, Keseru GM, Shalev-Benami M	REL	2026-10-07
EMD-55664	Cryo-EM structure of GPCR-miniGo Protein complex	Yardeni EH, Kiss DJ, Keseru GM, Shalev-Benami M	REL	2026-10-07
EMD-56388	Mature MoMLV capsid hexamer structure from capsid-like particles	Klarhof JO, Stacey JCV, Briggs JAG, James LC	REL	2026-10-07
EMD-56390	Mature MPMV capsid hexamer 3-fold interface from capsid-like particles	Klarhof JO, Stacey JCV, Briggs JAG, James LC	REL	2026-10-07
EMD-56391	Mature MPMV E26A capsid pentamer structure from capsid-like particles	Klarhof JO, Stacey JCV, Briggs JAG, James LC	REL	2026-10-07
EMD-56393	Mature MPMV capsid pentamer structure from capsid-like particles	Klarhof JO, Stacey JCV, Briggs JAG, James LC	REL	2026-10-07
EMD-56439	Cryo-EM structure of human TMEM45B with a bound GM3 (18:1;O2/24:1)	Grieben M, Inderhees J	REL	2026-10-07
EMD-57771	Ternary complex of translating ribosome, NAC and NatB	Knejski P, Scaiola A, Leibundgut M, Ban N	REL	2026-10-07
EMD-57823	In situ cryo-electron tomogram of phagophore expansion in Atg2-PM4 mutant S. cerevisiae #1	Ortmann de Percin Northumberland C, Licheva M, Dabrowski R, Gomez-Sanchez R, Berkamp S, Schonnenbeck P, Greaf M, Kraft C, Sachse C	REL	2026-10-07
EMD-57824	In situ cryo-electron tomogram of macroautophagy phagophore expansion in S. cerevisiae #1	Ortmann de Percin Northumberland C, Licheva M, Dabrowski R, Gomez-Sanchez R, Berkamp S, Schonnenbeck P, Graef M, Kraft C, Sachse C	REL	2026-10-07
EMD-57825	In situ cryo-electron tomogram of macroautophagy phagophore expansion in S. cerevisiae #2	Ortmann de Percin Northumberland C, Licheva M, Dabrowski R, Gomez-Sanchez R, Berkamp S, Schonnenbeck P, Graef M, Kraft C, Sachse C	REL	2026-10-07
EMD-57826	In situ cryo-electron tomogram of phagophore expansion in Atg2-PM4 mutant S. cerevisiae #3	Ortmann de Percin Northumberland C, Licheva M, Dabrowski R, Gomez-Sanchez R, Berkamp S, Schonnenbeck P, Graef M, Kraft C, Sachse C	REL	2026-10-07
EMD-57827	In situ cryo-electron tomogram of phagophore expansion in Atg2-PM4 mutant S. cerevisiae #2	Ortmann de Percin Northumberland C, Licheva M, Dabrowski R, Gomez-Sanchez R, Berkamp S, Schonnenbeck P, Graef M, Kraft C, Sachse C	REL	2026-10-07
EMD-57972	Cryo-EM structure of the E. coli DRT10 RT-ncRNA complex, Eco3 subtype with dNTPs	He Q, Ramirez J	REL	2026-10-07
EMD-63870	cryo-EM structure of l-SPD bound D1R-Gs complex	Zhang XY, Liu H, Zhuang YW, Xu HE	REL	2026-10-07
EMD-66329	YsaN monomer of 14-mer YsaN complex (Focus Refinement)	Bhattacharyya B, Chakraborty B, Datta S, Patra D	REL	2026-10-07
EMD-66331	Cryo-EM Structure of the 14-Mer ATPase Complex YsaN from the Type III Secretion System of Yersinia enterocolitica	Bhattacharyya B, Chakraborty B, Datta S, Patra D	REL	2026-10-07
EMD-66390	Icosahedral structure of mature T7	Liu HR, Chen WY	REL	2026-10-07
EMD-66392	2-fold region of mature T7 without defocus refinement	Liu HR, Chen WY	REL	2026-10-07
EMD-66393	3-fold region of mature T7 without defocus refinement	Liu HR, Chen WY	REL	2026-10-07
EMD-66396	Portal-tail complex of mature T7 without defocus refinement	Liu HR, Chen WY	REL	2026-10-07
EMD-66398	5f-fold region of mature T7 with defocus refinement	Liu HR, Chen WY	REL	2026-10-07
EMD-66399	3f-fold region of mature T7 with defocus refinement	Liu HR, Chen WY	REL	2026-10-07
EMD-66471	Ra22QT77 RBD in complex with Bat ACE2	Sato S, Matsumoto K, Oshima HS, Akasaka H, Sawada K, Nureki O	REL	2026-10-07
EMD-67116	LEN-bound HIV-1 capsid lattice within intact VLPs	Tanaka H, Machida S	REL	2026-10-07
EMD-68043	In situ structure of the bis-trans-lumenal/trans-stromal PSII-LHCII tetramer (TL-TS-TL tetramer) from Oryza sativa	Li J, Elias E, Zhang K, Croce R, Zhu J	REL	2026-10-07
EMD-68047	In situ structure of the mixed trans-lumenal/trans-stromal and side-by-side PSII-LHCII tetramer (TL-TS-SS tetramer) from Oryza sativa	Li J, Elias E, Zhang K, Croce R, Zhu J	REL	2026-10-07
EMD-68048	In situ structure of the trans-stromal PSII-LHCII dimer(TS dimer) from Oryza sativa	Li J, Elias E, Zhang K, Croce R, Zhu J	REL	2026-10-07
EMD-68049	In situ structure of the trans-lumenal/trans-stromal PSII-LHCII trimer (TL-TS trimer) from Oryza sativa	Li J, Elias E, Zhang K, Croce R, Zhu J	REL	2026-10-07
EMD-68060	In situ structure of the C2S2M2L4-type PSII-LHCII supercomplex from Oryza sativa	Li J, Elias E, Zhang K, Croce R, Zhu J	REL	2026-10-07
EMD-68402	Cryo-EM structure of AtSLAH3	Shuai G, Xia Y, Yuqin W	REL	2026-10-07
EMD-68535	Cryo-EM structure of AtSLAH3 L400A mutant	Shuai G, Xia Y, Yuqin W	REL	2026-10-07
EMD-68540	Cryo-EM structure of AtSLAH3 S343V mutant	Shuai G, Xia Y, Yuqin W	REL	2026-10-07
EMD-69194	Cryo-EM structure of Arabidopsis nucleosome	Haga J, Takasuka TE	REL	2026-10-07
EMD-69245	Cryo-EM structure of Arabidopsis H3-H4 octasome class1	Haga J, Takasuka TE	REL	2026-10-07
EMD-69246	Cryo-EM structure of Arabidopsis H3-H4 octasome class2	Haga J, Takasuka TE	REL	2026-10-07
EMD-69247	Cryo-EM structure of Arabidopsis H3-H4 octasome class3	Haga J, Takasuka TE	REL	2026-10-07
EMD-69254	Cryo-EM structure of Arabidopsis H3-H4 octasome class4	Haga J, Takasuka TE	REL	2026-10-07
EMD-69255	Cryo-EM structure of Arabidopsis H3-H4 octasome class5	Haga J, Takasuka TE	REL	2026-10-07
EMD-69668	Cryo-EM structure of Arabidopsis H3-H4 octasome	Haga J, Takasuka TE	REL	2026-10-07
EMD-71457	TBP/TFIIE/DNA of PIC-Med-SWI/SNF	Yang C, Nagai S, Chen D-H	REL	2026-10-07
EMD-71479	Extra Med5/16 of PIC-Med-SWI/SNF	Yang C, Nagai S, Chen D-H	REL	2026-10-07
EMD-71489	Core SWI/SNF of PIC-Med-SWI/SNF-Nucleosome	Yang C, Nagai S, Chen D-H	REL	2026-10-07
EMD-71490	ARP of SWI/SNF of PIC-Med-SWI/SNF-Nucleosome	Yang C, Nagai S, Chen D-H	REL	2026-10-07
EMD-71498	Core Mediator of PIC-Med-SWI/SNF-Nucleosome	Yang C, Nagai S, Chen D-H	REL	2026-10-07
EMD-71503	Human DNA Polymerase Gamma-RNA-DNA Primer-Template Complex with Incoming ATP	Nayak AR, Buchel G, Temiakov D, Sarfallah A, Sokolova VO, Zamudio-Ochoa A, Temiakov D	REL	2026-10-07
EMD-71916	Menthol-bound mouse TRPM8 in complex with AITC and PIP2 in a closed (C1M') state	Lee HJ, Lee SY	REL	2026-10-07
EMD-72943	BG505gp140SOSIP.T332N_Q653L collected on 300 kV TFS Krios.	Atwood ED, Parsons RJ, Janowska K, Pathirage R, Sharma A, Acharya P	REL	2026-10-07
EMD-72966	BG505gp140SOSIP.T332N_Q653L collected on 100 kV Tundra with Falcon C detector	Atwood ED, Parsons RJ, Janowska K, Pathirage R, Sharma A, Acharya P	REL	2026-10-07
EMD-73000	PC94-A.15 Fab in complex with BG505 SOSIP trimer and RM20A3 Fab	Phulera S, Omorodion O, Ward AB, Ozorowski G	REL	2026-10-07
EMD-73007	PC94-A.16 Fab in complex with P94_v18_c046 Chimera DS-SOSIP trimer and RM20A3 Fab	Phulera S, Omorodion O, Ward AB, Ozorowski G	REL	2026-10-07
EMD-73009	PC94-A.30 Fab in complex with BG505 SOSIP trimer and RM20A3 Fab	Phulera S, Omorodion O, Ward AB, Ozorowski G	REL	2026-10-07
EMD-73031	Local refinement map of the RyR1-toxin complex using mask 1 (FKBP12.6/NTD/Nsol/SPRY/Repeat1&2)	Zhang Y, Yuchi Z, Van Petegem F	REL	2026-10-07
EMD-73032	Local refinement map of the RyR1-toxin complex using mask 2 (Jsol/CSol/BSol)	Zhang Y, Yuchi Z, Van Petegem F	REL	2026-10-07
EMD-73033	Local map of the RyR1-toxin complex using mask 3 (BSol/Repeat34)	Zhang Y, Yuchi Z, Van Petegem F	REL	2026-10-07
EMD-73034	Local map of the RyR1-toxin complex using mask 4 (TMD)	Zhang Y, Yuchi Z, Van Petegem F	REL	2026-10-07
EMD-73035	Consensus map of RyR-toxin complex	Zhang Y, Yuchi Z, Van Petegem F	REL	2026-10-07
EMD-73036	Composite map of the RyR1-toxin complex	Zhang Y, Yuchi Z, Van Petegem F	REL	2026-10-07
EMD-73038	Cryo-EM map of VHH20 a-PLA2 in complex with Basic phospholipase A2 nigexine	Ward AB, Fernandez-Quintero ML	REL	2026-10-07
EMD-73561	Histamine-bound structure	Lu M, Liu B	REL	2026-10-07
EMD-73664	Structure of a canine circovirus virus-like particle	Hardy JM, Das S, Costin A, Raidal S, Forwood JK, Coulibaly FJ	REL	2026-10-07
EMD-74938	Ca2+ bound destabilized open state Connexin-46/50	Jarodsky JM, Reichow SL	REL	2026-10-07
EMD-74946	Ca2+ bound gated state Connexin-46/50	Flores JA, O'Neill SE, Jarodsky JM, Reichow SL	REL	2026-10-07
EMD-75368	TASK-2 at pH 6.5 with 100 uM Bupivacaine	Docter T, Li B, Brohawn SG	REL	2026-10-07
EMD-75369	TASK-2 K245A at pH 6.5	Docter T, Rietmeijer R, Cook ASI, Brohawn SG	REL	2026-10-07
EMD-75371	TASK-2 at pH 8.5 with 100 uM Bupivacaine	Docter T, Li B, Brohawn SG	REL	2026-10-07
EMD-76732	Structure of a Strand-Displacement Complex of Human Mitochondrial DNA Polymerase Gamma	Nayak AR, Sokolova VO, Temiakov D, Sarfallah A, Sokolova VO, Zamudio-Ochoa A, Temiakov D	REL	2026-10-07
EMD-76969	Focus map for catalytic domains A and B for cryo-EM structure of an intact human acetylcholinesterase (T-form) tetramer in complex with ColQ	Cheung J, Karasawa A	REL	2026-10-07
EMD-76972	Focus map (C and D chains) for cryo-EM structure of an intact human acetylcholinesterase (T-form) tetramer in complex with PRiMA	Cheung J, Karasawa A	REL	2026-10-07
EMD-76973	Focus map (A and B chains) for cryo-EM structure of an intact human acetylcholinesterase (T-form) tetramer in complex with PRiMA	Cheung J, Karasawa A	REL	2026-10-07
EMD-77012	BRAF/CRAF/MEK1/14-3-3 complex	Ha BH, Jeon H, Eck MJ	REL	2026-10-07
EMD-77032	The consensus EM map of human ZNFX1 dimer in complex with ssRNA and ATPgS	Wang F, He Q, Li H	REL	2026-10-07
EMD-77051	Focused Cryo-EM map of a half-region of the ZNFX1 dimer in complex with ssRNA and ATPgS	Wang F, He Q, Li H	REL	2026-10-07
EMD-77053	Cryo-EM structure of human ZNFX1 dimer in complex with ssRNA and ATPgS	Wang F, He Q, Li H	REL	2026-10-07
EMD-77235	Focused map (Accessory Subunit) of the Strand-Displacement Complex of Human Mitochondrial DNA Polymerase Gamma	Nayak AR, Sokolova VO, Temiakov D	REL	2026-10-07
EMD-77283	Canine circovirus virus-like particle with DNA	Hardy JM, Das S, Costin A, Raidal S, Forwood JK, Coulibaly FJ	REL	2026-10-07
EMD-79087	Cryo-EM structure of Sr01-080, a denovo designed borneol dehydrogenase	Miles U, McShan A, McManus C, Kamerlin SCL, Di Geronimo Quintero B	REL	2026-10-07
EMD-80334	Cryo-EM structure of the E. coli beta sliding clamp-Hda heterooctamer	Jiang X, Danev R, Kikkawa M, Kikkawa M	REL	2026-10-07
EMD-81441	In situ structure of the bis-trans-lumenal/trans-stromal PSII-LHCII tetramer (TL-TS-TL tetramer) (focused on PSII copy 1)	Li J, Elias E, Zhang K, Croce R, Zhu J	REL	2026-10-07
EMD-81442	In situ structure of the bis-trans-lumenal/trans-stromal PSII-LHCII tetramer (TL-TS-TL tetramer) (focused on PSII copy 2)	Li J, Elias E, Zhang K, Croce R, Zhu J	REL	2026-10-07
EMD-81443	In situ structure of the bis-trans-lumenal/trans-stromal PSII-LHCII tetramer (TL-TS-TL tetramer) (focused on PSII copy 3)	Li J, Elias E, Zhang K, Croce R, Zhu J	REL	2026-10-07
EMD-81444	In situ structure of the trans-lumenal PSII-LHCII dimer (focused on PSII copy 1)	Zhu J, Li J, Elias E, Zhang K, Croce R	REL	2026-10-07
EMD-81445	In situ structure of the bis-trans-lumenal/trans-stromal PSII-LHCII tetramer (TL-TS-TL tetramer) (focused on PSII copy 4)	Li J, Elias E, Zhang K, Croce R, Zhu J	REL	2026-10-07
EMD-81446	In situ structure of the trans-lumenal PSII-LHCII dimer (focused on PSII copy 2)	Zhu J, Li J, Elias E, Zhang K, Croce R	REL	2026-10-07
EMD-81447	In situ structure of the trans-lumenal PSII-LHCII dimer from Oryza sativa (composite)	Li J, Elias E, Zhang K, Croce R, Zhu J	REL	2026-10-07
EMD-81945	LEN-bound HIV-1 capsid lattice within VLPs treated with PFO, C6 symmetry	Tanaka H, Machida S	REL	2026-10-07
EMD-81946	LEN-bound HIV-1 capsid lattice within VLPs treated with PFO, no symmetry	Tanaka H, Machida S	REL	2026-10-07
EMD-81947	LEN-unbound HIV-1 capsid lattice within VLPs treated with PFO, C6 symmetry	Tanaka H, Machida S	REL	2026-10-07
EMD-81948	LEN-unbound HIV-1 capsid lattice within VLPs treated with PFO, no symmetry	Tanaka H, Machida S	REL	2026-10-07
EMD-82297	In situ structure of the trans-lumenal/trans-stromal PSII-LHCII trimer (Consensus)	Li J, Elias E, Zhang K, Croce R, Zhu J	REL	2026-10-07
EMD-82304	In situ structure of the trans-lumenal/trans-stromal PSII-LHCII trimer (focused on copy 1)	Li J, Elias E, Zhang K, Croce R, Zhu J	REL	2026-10-07
EMD-82306	In situ structure of the trans-lumenal/trans-stromal PSII-LHCII trimer (focused on PSII copy 2)	Li J, Elias E, Zhang K, Croce R, Zhu J	REL	2026-10-07
EMD-82307	In situ structure of the trans-lumenal/trans-stromal PSII-LHCII trimer (focused on PSII copy 3)	Li J, Elias E, Zhang K, Croce R, Zhu J	REL	2026-10-07
EMD-82308	In situ structure of the mixed trans-lumenal/trans-stromal and side-by-side PSII-LHCII tetramer (Consensus map)	Li J, Elias E, Zhang K, Croce R, Zhu J	REL	2026-10-07
EMD-82309	In situ structure of the mixed trans-lumenal/trans-stromal and side-by-side PSII-LHCII tetramer (Focused on PSII copy 1)	Li J, Elias E, Zhang K, Croce R, Zhu J	REL	2026-10-07
EMD-83140	Cryo-EM structure of GroEL on an epoxy-functionalized graphene grid	Yarimizu S, Asahara H, Inoue T	REL	2026-10-07
EMD-83142	Cryo-EM structure of GroEL on a NHS(5K)-functionalized graphene grid	Yarimizu S, Inoue T, Asahara H	REL	2026-10-07
EMD-100006	In situ structure of the class II BCR from Geobacter metallireducens	Tamborrini D, Pascoa TC, Engel BD, Appel L, Kumar A, Kayastha K, Ermler U, Kettler T, Bohn S, Reif-Trauttmansdorff T, Schuller JM, Boll M	REL	2026-10-07
EMD-100010	In situ structure of the 100S disome from Geobacter metallireducens	Tamborrini D, Pascoa TC, Engel BD, Appel L, Kumar A, Kayastha K, Ermler U, Kettler T, Bohn S, Reif-Trauttmansdorff T, Schuller JM, Boll M	REL	2026-10-07
EMD-100060	Cryo-electron tomogram of Geobacter metallireducens, dataset Geo02, Position 11	Tamborrini D, Pascoa TC, Engel BD, Appel L, Kumar A, Kayastha K, Ermler U, Kettler T, Bohn S, Reif-Trauttmansdorff T, Schuller JM, Boll M	REL	2026-10-07
EMD-100062	Cryo-electron tomogram of Geobacter metallireducens, dataset Geo02, Position 1	Tamborrini D, Pascoa TC, Engel BD, Appel L, Kumar A, Kayastha K, Ermler U, Kettler T, Bohn S, Reif-Trauttmansdorff T, Schuller JM, Boll M	REL	2026-10-07
EMD-100067	Cryo-electron tomogram of Geobacter metallireducens, dataset Geo02, Position 1_3	Tamborrini D, Pascoa TC, Engel BD, Appel L, Kumar A, Kayastha K, Ermler U, Kettler T, Bohn S, Reif-Trauttmansdorff T, Schuller JM, Boll M	REL	2026-10-07
EMD-55133	Structure of SAM bound cis-basal CBS conformer - by helical approach	Inayathulla M, Tomas M	REL	2026-10-07
EMD-55147	Cryo-EM density map of essential Mycoplasma pneumoniae lipoprotein Mpn444 at 3.74 A	Manger S, Keles I	REL	2026-10-07
EMD-56766	Cryo-EM single particle structure of the Plastid-Encoded RNA Polymerase (PEP)from Chlamydomonas reinhardtii.	Kumar A, Schuller S, Schuller J	REL	2026-10-07
EMD-56920	CryoEM map of the tail part of the Plastid-Encoded RNA Polymerase from Chlamydomonas reinhardtii	Kumar A, Schuller S, Schuller J	REL	2026-10-07
EMD-56921	Cryo-EM structure of Plastid-Encoded RNA Polymerase from Chlamydomonas reinhardtii - core part refined	Kumar A, Schuller S, Schuller J	REL	2026-10-07
EMD-58198	Structure of native human leukocyte myeloperoxidase	Leitgeb U, Pfanzagl V, Guo Y, Emde T, Borek D	REL	2026-10-07
EMD-65742	human VMAT2 in complex with lobeline	Wu D, Jiang DH	REL	2026-10-07
EMD-65743	human VMAT2 in complex with MDA	Wu D, Jiang DH	REL	2026-10-07
EMD-65744	human VMAT2 in complex with MDMA	Wu D, Jiang DH	REL	2026-10-07
EMD-65745	human VMAT2 in complex with METH	Wu D, Jiang DH	REL	2026-10-07
EMD-65746	human VMAT2 in complex with AMPH	Wu D, Jiang DH	REL	2026-10-07
EMD-66538	Structure of the old Killifish Ribosome (Consensus map)	Kim J, Song JJ, Kim Y	REL	2026-10-07
EMD-66539	Structure of the old Killifish Ribosome (Small subunit focus-refined)	Kim J, Song JJ, Kim Y	REL	2026-10-07
EMD-66540	Structure of the old Killifish Ribosome (head focus-refined)	Kim J, Song JJ, Kim Y	REL	2026-10-07
EMD-66541	Structure of the old Killifish Ribosome (head focus-refined with partial mask)	Kim J, Song JJ, Kim Y	REL	2026-10-07
EMD-66546	Structure of the young Killifish Ribosome (Consensus map)	Kim J, Song JJ, Kim Y	REL	2026-10-07
EMD-66547	Structure of the young Killifish Ribosome (small subunit focus-refined)	Kim J, Song JJ, Kim Y	REL	2026-10-07
EMD-66549	Structure of the young Killifish Ribosome (head focus-refined with partial mask)	Kim J, Song JJ, Kim Y	REL	2026-10-07
EMD-73948	Cryo-EM structure of Leishmania tarentolae respiratory complex III (cytochrome bc1 complex)	Liao YT, Chao L	REL	2026-10-07
EMD-74030	Cryo-EM structure of Leishmania tarentolae respiratory complex V (ATP synthase) peripheral stalk	Liao YT, Chao L	REL	2026-10-07
EMD-74031	Cryo-EM structure of Leishmania tarentolae respiratory complex V (ATP synthase) Fo monomer membrane region	Liao YT, Chao L	REL	2026-10-07
EMD-75365	TASK-2 at pH 6.5	Docter T, Li B, Brohawn SG	REL	2026-10-07
EMD-75367	TASK-2 L127N at pH 6.5	Docter T, Li B, Brohawn SG	REL	2026-10-07
EMD-76071	Cryo-EM structure of dimeric Nitrogenase MoFe protein from Methanosarcina acetivorans	Kashyap R, Antony E	REL	2026-10-07
EMD-76625	Cryo-EM structure of Arabidopsis VIM1 in complex with hemi-methylated CG-containing nucleosome 1	Chen X, Song J	REL	2026-10-07
EMD-76626	Cryo-EM structure of Arabidopsis VIM1 in complex with hemi-methylated CG-containing nucleosome 1	Chen X, Song J	REL	2026-10-07
EMD-76627	Cryo-EM structure of Arabidopsis VIM1 in complex with hemi-methylated CG-containing nucleosome 1	Chen X, Song J	REL	2026-10-07
EMD-76629	Cryo-EM structure of Arabidopsis VIM1 in complex with hemi-methylated CG-containing nucleosome 2	Chen X, Song J	REL	2026-10-07
EMD-76630	Cryo-EM structure of Arabidopsis VIM1 in complex with hemi-methylated CG-containing nucleosome 2	Chen X, Song J	REL	2026-10-07
EMD-76631	Cryo-EM structure of Arabidopsis VIM1 in complex with hemi-methylated CG-containing nucleosome 2	Chen X, Song J	REL	2026-10-07
EMD-76908	Cryo-EM structure of Arabidopsis VIM1 in complex with hemi-methylated CG-containing nucleosome and UBC11	Chen X, Song J	REL	2026-10-07
EMD-77872	S. aureus DNA Gyrase in complex with OSUAB-0284 and DNA	Wheat CT, Bell CE	REL	2026-10-07
EMD-77961	S. aureus DNA Gyrase in complex with OSUAB-0276 and DNA	Wheat CT, Bell CE	REL	2026-10-07
EMD-80143	Mtb galactan transporter Rv3781/3783, open state	Wei C, Zhang L	REL	2026-10-07
EMD-80144	Mtb galactan transporter Rv3781/3783, ATP-bound	Wei C, Zhang L	REL	2026-10-07
EMD-80145	Mtb galactan transporter Rv3781/3783, translocating intermediate state	Wei C, Zhang L	REL	2026-10-07
EMD-80336	Cryo-EM structure of the E. coli beta sliding clamp-Hda heterotrimer	Jiang X, Danev R, Kikkawa M, Kikkawa M	REL	2026-10-07
EMD-80433	Cryo-EM structure of the E. coli beta sliding clamp	Jiang X, Danev R, Kikkawa M, Kikkawa M	REL	2026-10-07
EMD-82252	In situ structure of the trans-stromal PSII-LHCII dimer (Consensus map)	Li J, Elias E, Zhang K, Croce R, Zhu J	REL	2026-10-07
EMD-82253	In situ structure of the trans-stromal PSII-LHCII dimer (focused on one PSII)	Li J, Elias E, Zhang K, Croce R, Zhu J	REL	2026-10-07
EMD-82292	In situ structure of the trans-stromal PSII-LHCII dimer (focused on copy 2)	Li J, Elias E, Zhang K, Croce R, Zhu J	REL	2026-10-07
EMD-82310	In situ structure of the mixed trans-lumenal/trans-stromal and side-by-side PSII-LHCII tetramer (Focused on PSII copy 2)	Li J, Elias E, Zhang K, Croce R, Zhu J	REL	2026-10-07
EMD-82311	In situ structure of the mixed trans-lumenal/trans-stromal and side-by-side PSII-LHCII tetramer (Focused on PSII copy 3)	Li J, Elias E, Zhang K, Croce R, Zhu J	REL	2026-10-07
EMD-82312	In situ structure of the mixed trans-lumenal/trans-stromal and side-by-side PSII-LHCII tetramer (Focused on PSII copy 4)	Li J, Elias E, Zhang K, Croce R, Zhu J	REL	2026-10-07
EMD-83109	Sunflower protein amyloid fibrils - PM2	Li S, Cao Q, Cao Y	REL	2026-10-07
EMD-83141	Cryo-EM structure of GroEL on a NHS(1K)-functionalized graphene grid	Yarimizu S, Inoue T, Asahara H	REL	2026-10-07
